{
  "eval_balance": true,
  "eval_subset_count": 3,
  "future_1_donations_n_samples": 992,
  "future_1_donations_roc_auc": 0.8073072483090531,
  "future_1_donations_average_precision": 0.8051186677362228,
  "future_1_donations_accuracy": 0.7550403225806451,
  "future_1_donations_balanced_accuracy": 0.7550403225806452,
  "future_1_donations_brier_score": 0.18158883178932708,
  "future_1_donations_log_loss": 0.5499493269455341,
  "future_2_donations_n_samples": 52,
  "future_2_donations_roc_auc": 0.8409763313609467,
  "future_2_donations_average_precision": 0.777217292212581,
  "future_2_donations_accuracy": 0.8076923076923077,
  "future_2_donations_balanced_accuracy": 0.8076923076923077,
  "future_2_donations_brier_score": 0.16341423081657608,
  "future_2_donations_log_loss": 0.5282302021078584,
  "future_3_donations_n_samples": 12,
  "future_3_donations_roc_auc": 1.0,
  "future_3_donations_average_precision": 1.0,
  "future_3_donations_accuracy": 1.0,
  "future_3_donations_balanced_accuracy": 1.0,
  "future_3_donations_brier_score": 0.03339660213736157,
  "future_3_donations_log_loss": 0.17126600257656435,
  "eval_balance_mean_roc_auc": 0.8827611932233332,
  "eval_balance_mean_average_precision": 0.8607786533162679,
  "eval_balance_mean_accuracy": 0.8542442100909843,
  "eval_balance_mean_balanced_accuracy": 0.8542442100909843,
  "eval_balance_mean_brier_score": 0.12613322158108825,
  "eval_balance_mean_log_loss": 0.4164818438766524,
  "model": "_transformer_tuning/trial_0018",
  "horizon_days": 30,
  "slice_days": 30,
  "lookback_slices": 6,
  "anchor_stride_days": 30,
  "n_total_samples": 34742,
  "n_train_samples": 25848,
  "n_test_samples": 8894,
  "n_total_users": 958,
  "n_train_users": 958,
  "n_test_users": 958,
  "training_positive_rate": 0.03462550294026617,
  "test_positive_rate": 0.060602653474252303,
  "mean_user_accuracy": 0.8542442100909843,
  "mean_user_brier": 0.12613322158108825,
  "dataset_processing_time_seconds": 161.25063602700175,
  "model_training_time_seconds": 81.6825138000022,
  "total_pipeline_time_seconds": 242.93314982700394,
  "class_imbalance": true,
  "positive_class_weight": 27.8804469273743,
  "normalize": true,
  "normalization_method": "trainset_zscore"
}